[{"name":"Van","message":"It's okay to feel angry/sad - let yourself know that you are allowed to feel that way and don't have to suppress it for the sake of others all the time :)."},{"name":"Amy","message":"Hang in there! These difficulties will soon pass. Stay strong and be healthy!"},{"name":"Ben","message":"You can do it!"},{"name":"Ana","message":"Thank you frontline workers for taking care of us and working hard to keep everyone safe and healthy!"},{"name":"Sophia","message":"Winter always turns to spring."},{"name":"Toby","message":"Always know that there is someone who cares for you, loves you, and will cherish you until the stars vanish."},{"name":"Wendy","message":"There's always a light at the end of a dark tunnel. Keep going!"},{"name":"Joe","message":"Lots of people care about you. I hope you are doing well during these hard times."},{"name":"Amelia Earhart","message":"A single act of kindness throws out roots in all directions, and the roots spring up and make new trees."},{"name":"Tanya","message":"Don't give up!"},{"name":"Tanya","message":"I believe in you!"},{"name":"Tanya","message":"Thank You Everyone!"}]